{
  "data": {
    "exports_to": "ver_progress",
    "is_branched": false,
    "is_multi_select": false,
    "question_answers": [
      "\u003cstrong\u003eYes, it speeds up\u003c/strong\u003e",
      "\u003cstrong\u003eNo, it remains the same\u003c/strong\u003e",
      "\u003cstrong\u003eYes, it slows down\u003c/strong\u003e",
      "\u003cstrong\u003eYes, it slows down first, then speeds up\u003c/strong\u003e"
    ],
    "question_text": "\u003cstrong\u003eQuestion 2: Does the vertical speed of the ball change as it moves?\u003c/strong\u003e",
    "randomize": false,
    "question_prompt": "Please answer the question before proceeding.",
    "question_answers_images": [
      "",
      "",
      "",
      ""
    ],
    "is_horizontal_que": false,
    "id": "Widget_p2-3"
  },
  "layout": {
    "template": "question",
    "type": "widget"
  }
}