{
  "data": {
    "track_locations": [
      {
        "x": [
          346.4
        ],
        "y": [
          173.8
        ],
        "r": 12.0,
        "f": 0
      },
      {
        "x": [
          382.1
        ],
        "y": [
          215.0
        ],
        "r": 12.0,
        "f": 0
      },
      {
        "x": [
          417.9
        ],
        "y": [
          248.7
        ],
        "r": 12.0,
        "f": 0
      },
      {
        "x": [
          455.0
        ],
        "y": [
          270.7
        ],
        "r": 12.0,
        "f": 0
      },
      {
        "x": [
          490.7
        ],
        "y": [
          282.4
        ],
        "r": 12.0,
        "f": 0
      },
      {
        "x": [
          527.1
        ],
        "y": [
          283.1
        ],
        "r": 12.0,
        "f": 0
      },
      {
        "x": [
          563.6
        ],
        "y": [
          274.1
        ],
        "r": 12.0,
        "f": 0
      },
      {
        "x": [
          601.4
        ],
        "y": [
          254.9
        ],
        "r": 12.0,
        "f": 0
      },
      {
        "x": [
          637.8
        ],
        "y": [
          224.0
        ],
        "r": 12.0,
        "f": 0
      },
      {
        "x": [
          675.6
        ],
        "y": [
          182.7
        ],
        "r": 12.0,
        "f": 0
      }
    ],
    "all_objects": [
      "Object_0"
    ],
    "displays": "vertical",
    "frames": [
      "1.jpg",
      "2.jpg",
      "3.jpg",
      "4.jpg",
      "5.jpg",
      "6.jpg",
      "7.jpg",
      "8.jpg",
      "9.jpg",
      "10.jpg"
    ],
    "tracks": "circle",
    "step_time": 0.05,
    "exports_to": "horiz",
    "color": "rgba(0, 0, 0, 1.000000)",
    "click_color": "rgba(250, 175, 190, 1.000000)",
    "error_color": "rgba(255, 255, 0, 1.000000)",
    "point_size": 0.0,
    "line_width": 0.0,
    "horiz_line_length": 0,
    "scale_data": false,
    "scale_unit": "",
    "change_origin": false,
    "hide_time": false,
    "id": "Widget_p4-1",
    "resource_url": "resources/Analysis/Widget_p4-1"
  },
  "layout": {
    "template": "x-y-analysis",
    "type": "widget"
  }
}