{
  "data": {
    "is_head": false,
    "title": "Page_p2",
    "aspect-horizontal": 16,
    "aspect-vertical": 9,
    "min-width": 800,
    "max-width": 1200
  },
  "layout": {
    "template": "2-2",
    "type": "page"
  },
  "elements": [
    {
      "slot": "#slot-1",
      "type": "widget",
      "data": "p2-0.json"
    },
    {
      "slot": "#slot-2",
      "type": "widget",
      "data": "p2-1.json"
    },
    {
      "slot": "#slot-3",
      "type": "widget",
      "data": "p2-2.json"
    },
    {
      "slot": "#slot-4",
      "type": "widget",
      "data": "p2-3.json"
    }
  ]
}