{
  "data": {
    "is_head": false,
    "title": "Page_p4",
    "aspect-horizontal": 16,
    "aspect-vertical": 9,
    "min-width": 800,
    "max-width": 1200
  },
  "layout": {
    "template": "2-1",
    "type": "page"
  },
  "elements": [
    {
      "slot": "#slot-1",
      "type": "widget",
      "data": "p4-0.json"
    },
    {
      "slot": "#slot-2",
      "type": "widget",
      "data": "p4-1.json"
    },
    {
      "slot": "#slot-3",
      "type": "widget",
      "data": "p4-2.json"
    }
  ]
}